date,gross_return,turnover,cost,net_return,cum_gross,cum_net
2023-01-03,-0.014170823053049689,2.0,0.0016,-0.01577082305304969,0.9858291769469503,0.9842291769469503
2023-01-04,0.00684785203269927,0.0,0.0,0.00684785203269927,0.9925799892802007,0.9909690327169485
2023-01-05,0.009773253636693712,0.0,0.0,0.009773253636693712,1.002280725270143,1.0006540244198001
2023-01-06,0.0062604686634840185,0.0,0.0,0.0062604686634840185,1.0085554723427106,1.0069185875826694
2023-01-09,0.012572414935030909,0.0,0.0,0.012572414935030909,1.021235450225999,1.019577985871554
2023-01-10,0.0005068640882746282,1.4127389585369918,0.0011301911668295936,-0.0006233270785549654,1.0217530778013915,1.0189424553042616
2023-01-11,0.004574585491739657,0.0,0.0,0.004574585491739657,1.026427174607242,1.023603694677214
2023-01-12,0.006705976586287817,0.0,0.0,0.006705976586287817,1.0333103712076877,1.0304679570873572
2023-01-13,0.004919597688500469,0.0,0.0,0.004919597688500469,1.0383938425213843,1.0355374448671177
2023-01-17,-0.001622797002966967,0.0,0.0,-0.001622797002966967,1.0367087401058412,1.0338569778051272
2023-01-18,0.0006458696040275902,1.6807695433725938,0.001344615634698075,-0.0006987460306704849,1.0373783187693055,1.0331345743456049
2023-01-19,0.0034400390184663983,0.0,0.0,0.0034400390184663983,1.040946940662783,1.0366885975926803
2023-01-20,-0.000510963568405169,0.0,0.0,-0.000510963568405169,1.0404150546994615,1.0361588874875294
2023-01-23,-0.006876350427974979,0.0,0.0,-0.006876350427974979,1.0332607961928073,1.0290338958781045
2023-01-24,0.0004144603308064509,0.0,0.0,0.0004144603308064509,1.0336890418042068,1.0294603896070011
2023-01-25,-0.0040752756963369574,1.885539756888139,0.0015084318055105111,-0.005583707501847468,1.0294764739745723,1.0237121839066978
2023-01-26,-0.01855859352548636,0.0,0.0,-0.01855859352548636,1.0103708385500272,1.0047135255984854
2023-01-27,-0.006919066309051345,0.0,0.0,-0.006919066309051345,1.0033800157213677,0.9977618460932687
2023-01-30,0.01269760022905588,0.0,0.0,0.01269760022905588,1.0161205340388215,1.010431027138766
2023-01-31,-0.0006367196881210249,0.0,0.0,-0.0006367196881210249,1.0154735500892949,1.0097876658102984
2023-02-01,-0.01366979060257388,1.7609338355956003,0.0014087470684764803,-0.01507853767105036,1.001592239297122,0.9945615444516158
2023-02-02,-0.02308739920680037,0.0,0.0,-0.02308739920680037,0.9784680794260362,0.9715997050391294
2023-02-03,0.018558505933357033,0.0,0.0,0.018558505933357033,0.9966269850836648,0.9896311439299461
2023-02-06,0.008722677031051078,0.0,0.0,0.008722677031051078,1.0053202403949797,0.9982633767783167
2023-02-07,-0.01499883884370876,0.0,0.0,-0.01499883884370876,0.9902416041229768,0.9832905852664422
2023-02-08,0.0006745347983145055,1.1606757068181348,0.0009285405654545079,-0.0002540057671400024,0.9909095565436966,0.9830408237870101
2023-02-09,0.0015018395439901511,0.0,0.0,0.0015018395439901511,0.9923977437002316,0.98451719336953
2023-02-10,0.012518358598630177,0.0,0.0,0.012518358598630177,1.0048209345283425,0.9968417326426467
2023-02-13,-0.002782310987962778,0.0,0.0,-0.002782310987962778,1.0020252102012692,0.9940682089366553
2023-02-14,-0.006823206176779627,0.0,0.0,-0.006823206176779627,0.9951881855977349,0.9872854765932984
2023-02-15,-0.008976440482161698,1.2997618245161093,0.0010398094596128875,-0.010016249941774585,0.9862549380811664,0.9773965784958558
2023-02-16,0.004191367009126847,0.0,0.0,0.004191367009126847,0.9903886944912282,0.9814932062697969
2023-02-17,0.02099559144122779,0.0,0.0,0.02099559144122779,1.0111824908887772,1.0021002366309784
2023-02-21,0.004305516063242692,0.0,0.0,0.004305516063242692,1.0155361533461684,1.0064147952967721
2023-02-22,-0.00599884752941867,0.0,0.0,-0.00599884752941867,1.0094441068016324,1.0003774663884357
2023-02-23,-0.003914685247003806,1.382677427446977,0.0011061419419575818,-0.005020827188961388,1.0054924508490612,0.9953547440059684
2023-02-24,-0.0013931871557882457,0.0,0.0,-0.0013931871557882457,1.0040916116812963,0.9939680285611663
2023-02-27,8.684129622133756e-05,0.0,0.0,8.684129622133756e-05,1.0041788082983798,0.9940543460331691
2023-02-28,0.0010818836939933442,0.0,0.0,0.0010818836939933442,1.0052652129769315,0.9951297972210857
2023-03-01,0.0048725591398496625,0.0,0.0,0.0048725591398496625,1.0101634271783952,0.9999786260098722
2023-03-02,0.005705142383292975,1.6606893206780071,0.0013285514565424057,0.00437659092675057,1.0159265533608433,1.0043551233914114
2023-03-03,-0.0040443621803770285,0.0,0.0,-0.0040443621803770285,1.01181777843039,1.0002931475146992
2023-03-06,-0.002755851155325243,0.0,0.0,-0.002755851155325243,1.0090293592367239,0.9975364884884569
2023-03-07,-0.0035750461650012797,0.0,0.0,-0.0035750461650012797,1.005422032695611,0.9939702494908375
2023-03-08,0.0028048567562768975,0.0,0.0,0.0028048567562768975,1.0082420974769268,0.99675819366066
2023-03-09,-0.003557237840876609,1.0764865375150907,0.0008611892300120726,-0.004418427070888682,1.004655540535017,0.9923540902746596
2023-03-10,-0.0011167945225901371,0.0,0.0,-0.0011167945225901371,1.0035335467302577,0.9912458346621709
2023-03-13,0.012505594223550636,0.0,0.0,0.012505594223550636,1.0160833300553869,1.0036419528462406
2023-03-14,-0.017663709843115275,0.0,0.0,-0.017663709843115275,0.9981355289368622,0.985913912604787
2023-03-15,0.012641005653809675,0.0,0.0,0.012641005653809675,1.0107529658014214,0.9983768559481938
2023-03-16,0.002557635822790697,1.8965056776602802,0.0015172045421282243,0.0010404312806624727,1.013338103794747,0.9994155984590117
2023-03-17,-0.012436702436389568,0.0,0.0,-0.012436702436389568,1.0007355193303966,0.9869861640506907
2023-03-20,0.006364206400297348,0.0,0.0,0.006364206400297348,1.007104406727524,0.993267547712947
2023-03-21,0.006837471535282711,0.0,0.0,0.006837471535282711,1.0139904544415814,1.0000589862973543
2023-03-22,-0.009761998960781622,0.0,0.0,-0.009761998960781622,1.0040918806790802,0.9902964115123992
2023-03-23,-0.004517035186415094,1.7855494133187328,0.0014284395306549864,-0.0059454747170700805,0.9995563623236591,0.984408629235347
2023-03-24,0.011480591070609997,0.0,0.0,0.011480591070609997,1.0110318601715234,0.9957102221539778
2023-03-27,0.0015209098746902573,0.0,0.0,0.0015209098746902573,1.0125695485112847,0.9972246076631818
2023-03-28,0.0044268204356971525,0.0,0.0,0.0044268204356971525,1.017052012081199,1.0016391419353652
2023-03-29,0.004809349702029174,0.0,0.0,0.004809349702029174,1.02194337087245,1.0064563748441728
2023-03-30,0.0017928241725346438,1.5602039940693573,0.0012481631952554859,0.000544660977279158,1.0237755356507117,1.0070045523568845
2023-03-31,0.0033817214533765736,0.0,0.0,0.0033817214533765736,1.0272376593430639,1.0104099612552377
2023-04-03,0.014277047019759917,0.0,0.0,0.014277047019759917,1.041903579705973,1.0248356317813125
2023-04-04,-0.006944482326961335,0.0,0.0,-0.006944482326961335,1.0346680987103072,1.017718678848367
2023-04-05,0.006473047337199635,0.0,0.0,0.006473047337199635,1.0413655542915494,1.0243064200325047
2023-04-06,-0.007699884820875061,0.9698316828691479,0.0007758653462953183,-0.008475750167170379,1.0333471594670778,1.0156246547216805
2023-04-10,0.00953211660097079,0.0,0.0,0.00953211660097079,1.0431971450803998,1.0253057073533083
2023-04-11,0.009490144117362216,0.0,0.0,0.009490144117362216,1.0530972363300337,1.0350360062804453
2023-04-12,-0.00023350520779662752,0.0,0.0,-0.00023350520779662752,1.0528513326410345,1.0347943199827219
2023-04-13,-0.005091355703053714,0.0,0.0,-0.005091355703053714,1.0474908920041248,1.0295258140201902
2023-04-14,0.008065239341153475,1.6671570780054301,0.001333725662404344,0.006731513678749131,1.0559391567558165,1.0364560811198924
2023-04-17,0.008515421459462038,0.0,0.0,0.008515421459462038,1.0649309237111413,1.0452819414748507
2023-04-18,0.0015879323307064507,0.0,0.0,0.0015879323307064507,1.0666219619548714,1.0469417784644222
2023-04-19,-0.002284788701965677,0.0,0.0,-0.002284788701965677,1.0641849561469283,1.0445497377173707
2023-04-20,0.005518756087224788,0.0,0.0,0.005518756087224788,1.0700579333515972,1.0503143529408074
2023-04-21,-0.008482504047509172,1.826416355189135,0.0014611330841513082,-0.00994363713166048,1.060981162600873,1.0398704081409893
2023-04-24,-0.006523126957236028,0.0,0.0,-0.006523126957236028,1.0540602477779917,1.0330872014496129
2023-04-25,-0.004322545448810483,0.0,0.0,-0.004322545448810483,1.0495040244511868,1.0286216350687625
2023-04-26,0.0023828775273681563,0.0,0.0,0.0023828775273681563,1.052004864005934,1.0310727144471326
2023-04-27,-0.006061384782928034,0.0,0.0,-0.006061384782928034,1.0456282577316822,1.0248229859856903
2023-04-28,0.0014674095337318446,1.3834378742651328,0.0011067502994121063,0.00036065923431973824,1.0471626226058173,1.0251925978591292
2023-05-01,-0.010614761823938388,0.0,0.0,-0.010614761823938388,1.0360472407759258,1.01431042260919
2023-05-02,-0.011199093412089661,0.0,0.0,-0.011199093412089661,1.0244444509471384,1.0029510654375333
2023-05-03,-0.008323308655973789,0.0,0.0,-0.008323308655973789,1.0159176835810058,0.994603194153059
2023-05-04,-0.020180302117372168,0.0,0.0,-0.020180302117372168,0.9954161577999601,0.9745318012081469
2023-05-05,0.010491139205488349,1.6931999147376904,0.0013545599317901524,0.009136579273698197,1.0058592072788317,0.9834356882646249
2023-05-08,-0.007402964141760648,0.0,0.0,-0.007402964141760648,0.9984128676356867,0.9761553491286742
2023-05-09,0.0006173523708770836,0.0,0.0,0.0006173523708770836,0.9990292401866357,0.9767579809478031
2023-05-10,-0.008492160280990696,0.0,0.0,-0.008492160280990696,0.9905453237535745,0.9684631956178575
2023-05-11,-0.014219111728349818,0.0,0.0,-0.014219111728349818,0.976460649123128,0.9546925092345726
2023-05-12,0.0005937738317855748,0.9944772084573261,0.0007955817667658609,-0.00020180793498028615,0.9770404459043457,0.9544998447107429
2023-05-15,0.011603402546723042,0.0,0.0,0.011603402546723042,0.9883774395026036,0.9655752906397064
2023-05-16,-0.013906260412159399,0.0,0.0,-0.013906260412159399,0.974632805443377,0.9521477492005241
2023-05-17,0.017106525110301203,0.0,0.0,0.017106525110301203,0.9913053860030175,0.9684356885809398
2023-05-18,0.001985460197247687,0.0,0.0,0.001985460197247687,0.9932735833902439,0.9703584790942115
2023-05-19,-0.006602577605654079,0.9789733157750728,0.0007831786526200583,-0.007385756258274138,0.9867154174722637,0.9631916478844721
2023-05-22,0.018276016649276566,0.0,0.0,0.018276016649276566,1.0047486448700846,0.9807949544776529
2023-05-23,0.01207591448543982,0.0,0.0,0.01207591448543982,1.0168819035848973,0.9926389504756759
2023-05-24,-0.0038349889158441498,0.0,0.0,-0.0038349889158441498,1.0129821727559267,0.9888321911031666
2023-05-25,-0.014381671747471746,0.0,0.0,-0.014381671747471746,0.9984137956613103,0.9746111311173876
2023-05-26,-0.010870189165026243,1.4187325913099904,0.0011349860730479923,-0.012005175238074236,0.9875608488375,0.9629107536993456
2023-05-30,0.0016832980804484445,0.0,0.0,0.0016832980804484445,0.9892232081186741,0.964531619522691
2023-05-31,-0.00669490782688782,0.0,0.0,-0.00669490782688782,0.9826004499201013,0.9580741692338677
2023-06-01,-0.0010493115216893233,0.0,0.0,-0.0010493115216893233,0.981569395946783,0.9570688509694577
2023-06-02,0.01905647596151943,0.0,0.0,0.01905647596151943,1.0002746495452062,0.9753072105214763
2023-06-05,-0.007870440713093927,1.4432306974918638,0.0011545845579934912,-0.009025025271087419,0.9924020472191498,0.9665050382994462
2023-06-06,0.0072499259458768004,0.0,0.0,0.0072499259458768004,0.999596888570025,0.9735121282534339
2023-06-07,0.03596417114332772,0.0,0.0,0.03596417114332772,1.0355465621448952,1.0085236850440455
2023-06-08,-0.013354052489244752,0.0,0.0,-0.013354052489244752,1.0217178189989553,0.9950558068173209
2023-06-09,-0.008079342296259938,0.0,0.0,-0.008079342296259938,1.0134630110090745,0.9870164103501626
2023-06-12,-0.019695969310246916,1.1617236943646623,0.0009293789554917299,-0.020625348265738645,0.9935018746471694,0.9666588531426913
2023-06-13,0.003685005031404412,0.0,0.0,0.003685005031404412,0.997162934053954,0.9702209958801736
2023-06-14,-0.005240773083699016,0.0,0.0,-0.005240773083699016,0.9919370293891017,0.9651362877997252
2023-06-15,0.0056797184490415525,0.0,0.0,0.0056797184490415525,0.9975709524352104,0.9706179901793808
2023-06-16,0.010697668561822648,0.0,0.0,0.010697668561822648,1.0082426358512642,0.9810013397384623
2023-06-20,-0.011041007212171003,0.8135736739128252,0.0006508589391302601,-0.011691866151301264,0.997110621637212,0.969531603379993
2023-06-21,0.01755516586069994,0.0,0.0,0.01755516586069994,1.014615063981519,0.9865518914845193
2023-06-22,-0.009897137223805499,0.0,0.0,-0.009897137223805499,1.0045732794639537,0.9767878520360921
2023-06-23,-0.0010553162248663167,0.0,0.0,-0.0010553162248663167,1.0035131369830683,0.9757570319675861
2023-06-26,0.019014320202940197,0.0,0.0,0.019014320202940197,1.0225942570975215,0.9943103886136884
2023-06-27,-0.01873133464105131,0.7863163501743451,0.0006290530801394761,-0.019360387721190787,1.0034397018658106,0.9750601539749195
2023-06-28,-0.0038947591656830005,0.0,0.0,-0.0038947591656830005,0.9995315458897585,0.9712625295031334
2023-06-29,0.0018164014551324663,0.0,0.0,0.0018164014551324663,1.0013470964441635,0.9730267321750385
2023-06-30,-0.005554887053752157,0.0,0.0,-0.005554887053752157,0.9957847264218135,0.9676216785775247
2023-07-03,0.006212142660888997,0.0,0.0,0.006212142660888997,1.0019706832018802,0.9736326824866172
2023-07-05,-0.0010520934580350396,1.1462323452085785,0.0009169858761668628,-0.0019690793342019026,1.0009165164009406,0.9717155224924292
2023-07-06,-0.0025211143018499978,0.0,0.0,-0.0025211143018499978,0.9983930914564844,0.9692657165913439
2023-07-07,-0.0034169625688688903,0.0,0.0,-0.0034169625688688903,0.9949816196339603,0.9659537719184633
2023-07-10,-0.0053647265347801275,0.0,0.0,-0.0053647265347801275,0.9896438153374915,0.9607716940868813
2023-07-11,0.003194150111089158,0.0,0.0,0.003194150111089158,0.9928048862401905,0.9638405431002803
2023-07-12,-0.007341550311222133,0.8096962135764467,0.0006477569708611574,-0.00798930728208329,0.985516159218631,0.9561401248305222
2023-07-13,-0.009818293914511472,0.0,0.0,-0.009818293914511472,0.975840071909922,0.9467524600614785
2023-07-14,-0.008577788113632398,0.0,0.0,-0.008577788113632398,0.9674695225402868,0.9386314180630109
2023-07-17,-0.02308868501237147,0.0,0.0,-0.02308868501237147,0.9451319234752847,0.9169596529086385
2023-07-18,-0.004575261464661275,0.0,0.0,-0.004575261464661275,0.9408076978067871,0.9127643227440364
2023-07-19,0.013061150128728188,0.9453281380296934,0.0007562625104237548,0.012304887618304434,0.9530957283901046,0.9239957851573996
2023-07-20,0.027737342131742403,0.0,0.0,0.027737342131742403,0.9795320706927632,0.9496249723785983
2023-07-21,0.011815060568529974,0.0,0.0,0.011815060568529974,0.9911053014368156,0.96084484894464
2023-07-24,0.0004037382022552182,0.0,0.0,0.0004037382022552182,0.9915054485094634,0.9612327787165991
2023-07-25,-0.02039042767735216,0.0,0.0,-0.02039042767735216,0.9712882283699307,0.9416328312610781
2023-07-26,0.0110543420141597,1.424841386618918,0.0011398731092951344,0.009914468904864564,0.9820251806406592,0.9509686206864155
2023-07-27,-0.007244537150089379,0.0,0.0,-0.007244537150089379,0.9749108627371849,0.9440792931852836
2023-07-28,-0.004682148958941324,0.0,0.0,-0.004682148958941324,0.9703461848561593,0.939658973305538
2023-07-31,0.000325970218658849,0.0,0.0,0.000325970218658849,0.9706624888142117,0.9399652741465312
2023-08-01,-0.009531841843231552,0.0,0.0,-0.009531841843231552,0.9614102874876771,0.9310056738152367
2023-08-02,0.009654553871255963,1.3727108295862427,0.0010981686636689942,0.008556385207586968,0.9706922749006066,0.9389717169908489
2023-08-03,-0.009662041751182878,0.0,0.0,-0.009662041751182878,0.9613134056129662,0.9298993330581035
2023-08-04,-0.0008844686603156583,0.0,0.0,-0.0008844686603156583,0.9604631540329602,0.9290768662407651
2023-08-07,-0.005017631894585982,0.0,0.0,-0.005017631894585982,0.9556439034777099,0.9244151005241935
2023-08-08,0.002957063906633462,0.0,0.0,0.002957063906633462,0.9584698035722781,0.9271486550527005
2023-08-09,0.006346051813232472,1.2084671151494195,0.0009667736921195357,0.005379278121112936,0.9645523026071666,0.9321360455278447
2023-08-10,-0.0017113237688948062,0.0,0.0,-0.0017113237688948062,0.9629016413253727,0.9305408589572892
2023-08-11,0.0024715655466511395,0.0,0.0,0.0024715655466511395,0.9652815158468864,0.9328407516840392
2023-08-14,-0.010647316572792954,0.0,0.0,-0.010647316572792954,0.9550038579657991,0.9229085008888571
2023-08-15,0.003808489461081695,0.0,0.0,0.003808489461081695,0.9586409800941542,0.926423388188035
2023-08-16,0.0018681508322058815,0.9706657025884025,0.000776532562070722,0.0010916182701351594,0.9604318660389037,0.9274346888844617
2023-08-17,-0.002132059937629451,0.0,0.0,-0.002132059937629451,0.9583841677344995,0.9254573425395233
2023-08-18,-0.0014044560554325207,0.0,0.0,-0.0014044560554325207,0.9570381592866942,0.9241575783707492
2023-08-21,-0.00689429863855056,0.0,0.0,-0.00689429863855056,0.950440052408083,0.9177861600363816
2023-08-22,0.004429304559929812,0.0,0.0,0.004429304559929812,0.954649840866154,0.9218513144600712
2023-08-23,0.0027881700773909755,1.2385655537862905,0.0009908524430290325,0.001797317634361943,0.9573115669868432,0.92350817408381
2023-08-24,0.006163795020701259,0.0,0.0,0.006163795020701259,0.9632122392566963,0.9292004891688047
2023-08-25,-0.006357051201395814,0.0,0.0,-0.006357051201395814,0.9570890497339304,0.9232935140827966
2023-08-28,0.0017387046983286442,0.0,0.0,0.0017387046983286442,0.9587531449614216,0.9248988488536687
2023-08-29,5.5982056881863186e-05,0.0,0.0,5.5982056881863186e-05,0.9588068179345186,0.9249506265936353
2023-08-30,-0.00108049807676181,0.9085602007982229,0.0007268481606385783,-0.0018073462374003884,0.9577708290117543,0.9232789205588801
2023-08-31,-0.0060969036729608345,0.0,0.0,-0.0060969036729608345,0.9519313925264978,0.9176497779169573
2023-09-01,-0.001596231395731289,0.0,0.0,-0.001596231395731289,0.9504118897511649,0.9161849965311605
2023-09-05,-0.012567789820626948,0.0,0.0,-0.012567789820626948,0.9384673128777474,0.9046705760579451
2023-09-06,-0.003927916616128364,0.0,0.0,-0.003927916616128364,0.9347810915258016,0.9011171054701247
2023-09-07,-0.011139842005303345,0.8188381701762689,0.0006550705361410152,-0.011794912541444361,0.9243677778566591,0.890488508021505
2023-09-08,-0.008172104105288859,0.0,0.0,-0.008172104105288859,0.9168137481444399,0.8832113432293899
2023-09-11,-0.00831908381781738,0.0,0.0,-0.00831908381781738,0.909186697728299,0.8758638340362175
2023-09-12,0.015138688606944003,0.0,0.0,0.015138688606944003,0.9229505920307834,0.8891232638817759
2023-09-13,0.000753799076519876,0.0,0.0,0.000753799076519876,0.9236463113347297,0.8897934841770022
2023-09-14,0.003867924587169208,1.1007574231908663,0.0008806059385526932,0.0029873186486165148,0.9272189056121894,0.8924515808457015
2023-09-15,0.014921541019550889,0.0,0.0,0.014921541019550889,0.9410544405463849,0.9057683337172537
2023-09-18,-0.009028080905984772,0.0,0.0,-0.009028080905984772,0.9325585249201959,0.8975909839183754
2023-09-19,0.0008746221559219399,0.0,0.0,0.0008746221559219399,0.9333741612677849,0.8983760368798662
2023-09-20,0.003949028457612749,0.0,0.0,0.003949028457612749,0.9370600823922318,0.9019237494151421
2023-09-21,-0.0035797474539591787,1.0655006096666986,0.0008524004877333589,-0.004432147941692537,0.9337056439480814,0.8979262899256081
2023-09-22,-0.0073072988490484984,0.0,0.0,-0.0073072988490484984,0.9268827777707096,0.8913648741807043
2023-09-25,-0.0039596590955276924,0.0,0.0,-0.0039596590955276924,0.9232126379492219,0.8878353731492208
2023-09-26,-0.004580384215952991,0.0,0.0,-0.004580384215952991,0.918983969354391,0.8837687460196834
2023-09-27,-0.015060151942636392,0.0,0.0,-0.015060151942636392,0.9051439311430667,0.8704590544224736
2023-09-28,0.003403835759335584,0.9324739591222043,0.0007459791672977634,0.002657856592037821,0.908224892423237,0.8727726097583695
2023-09-29,0.012685036826194327,0.0,0.0,0.012685036826194327,0.9197457586300922,0.8838437624540482
2023-10-02,-0.01058095030218597,0.0,0.0,-0.01058095030218597,0.9100139744673809,0.8744918555286249
2023-10-03,0.001230573289468129,0.0,0.0,0.001230573289468129,0.9111338133574032,0.8755679818478959
2023-10-04,0.0049738674274039454,0.0,0.0,0.0049738674274039454,0.915665672153668,0.8799229409132869
2023-10-05,-0.0008876303657478967,0.7961295087668516,0.0006369036070134813,-0.0015245339727613782,0.9148528994981915,0.8785814684964525
2023-10-06,-0.003686458120379402,0.0,0.0,-0.003686458120379402,0.9114803325978837,0.8753426147074989
2023-10-09,0.002165857725154298,0.0,0.0,0.002165857725154298,0.913454469317567,0.8772384822717197
2023-10-10,0.007345663137928434,0.0,0.0,0.007345663137928434,0.9201643981410091,0.8836823806541154
2023-10-11,-0.001976963750773197,0.0,0.0,-0.001976963750773197,0.9183452664811323,0.8819353726203653
2023-10-12,-0.008277233473772749,1.6036768240000792,0.0012829414592000633,-0.009560174932972811,0.910743908300934,0.8735039161785381
2023-10-13,0.003940749585210753,0.0,0.0,0.003940749585210753,0.9143329219798042,0.8769461763738987
2023-10-16,0.004485673114271842,0.0,0.0,0.004485673114271842,0.9184343205854227,0.8808798702599226
2023-10-17,0.007017295623823174,0.0,0.0,0.007017295623823174,0.9248792457240359,0.8870612647186116
2023-10-18,-0.014392744819767076,0.0,0.0,-0.014392744819767076,0.9115676947512312,0.8742940182960168
2023-10-19,-0.008011069639623865,1.2035095152651274,0.000962807612212102,-0.008973877251835967,0.9042650624673477,0.866448211093814
2023-10-20,0.0028713467422963107,0.0,0.0,0.0028713467422963107,0.9068615210086357,0.8689360843421067
2023-10-23,-0.0038228254765330515,0.0,0.0,-0.0038228254765330515,0.9033947476824364,0.8656142933414048
2023-10-24,-0.0013818346587329174,0.0,0.0,-0.0013818346587329174,0.9021464055095716,0.8644181575097711
2023-10-25,0.0034187399572440393,0.0,0.0,0.0034187399572440393,0.9052306094733713,0.867373378404617
2023-10-26,0.01741121186937199,1.4015664927637235,0.001121253194210979,0.01628995867516101,0.9209917714055528,0.8815028548947631
2023-10-27,-0.003415334256094836,0.0,0.0,-0.003415334256094836,0.9178462766590899,0.8784922279975956
2023-10-30,-0.00018065308816832,0.0,0.0,-0.00018065308816832,0.9176804648947476,0.8783335256636761
2023-10-31,0.007072630800614055,0.0,0.0,0.007072630800614055,0.9241708800158841,0.884545654410497
2023-11-01,-0.002793443901324817,0.0,0.0,-0.002793443901324817,0.9215892605073217,0.8820747257467406
2023-11-02,0.008986812738800917,1.7717914957337757,0.0014174331965870206,0.007569379542213896,0.929871410613591,0.8887514841305119
2023-11-03,0.014914431528260988,0.0,0.0,0.014914431528260988,0.9437399140972749,0.9020067072862167
2023-11-06,-0.010411512869670977,0.0,0.0,-0.010411512869670977,0.9339141538360288,0.8926154528447766
2023-11-07,-0.012411664856786322,0.0,0.0,-0.012411664856786322,0.9223227243536068,0.8815366089980786
2023-11-08,-0.005846928104876471,0.0,0.0,-0.005846928104876471,0.9169299696948174,0.8763823278234502
2023-11-09,-0.007229294961764818,1.7231619907238092,0.0013785295925790473,-0.008607824554343866,0.9103012124846115,0.8688385825030185
2023-11-10,-0.006143607869890675,0.0,0.0,-0.006143607869890675,0.90470867879162,0.8635007789498883
2023-11-13,0.002065400757517451,0.0,0.0,0.002065400757517451,0.9065772647821287,0.8652842541128483
2023-11-14,0.01322114800187838,0.0,0.0,0.01322114800187838,0.9185632569749514,0.8767243053001692
2023-11-15,0.01665934645716445,0.0,0.0,0.01665934645716445,0.9338659205157186,0.8913299592495816
2023-11-16,-0.011802945862830557,1.296589511352139,0.0010372716090817113,-0.012840217471912269,0.9228435516127291,0.8798850887335863
2023-11-17,0.008181122441722954,0.0,0.0,0.008181122441722954,0.9303934477030273,0.887083536379162
2023-11-20,-0.007363512761893784,0.0,0.0,-0.007363512761893784,0.9235424836772838,0.8805514854381683
2023-11-21,0.003496716621678045,0.0,0.0,0.003496716621678045,0.9267718500307839,0.8836305244535432
2023-11-22,-0.006022478119242273,0.0,0.0,-0.006022478119242273,0.9211903868424438,0.8783088789545271
2023-11-24,0.0036503031400146537,1.380973994271994,0.0011047791954175953,0.0025455239445970586,0.924553011004086,0.880544635236658
2023-11-27,-0.004902098744989239,0.0,0.0,-0.004902098744989239,0.9200207608491668,0.8762281184853574
2023-11-28,0.0033030841590609276,0.0,0.0,0.0033030841590609276,0.9230596668503349,0.8791223737032501
2023-11-29,0.0020991967743866687,0.0,0.0,0.0020991967743866687,0.9249973507255536,0.880967824554419
2023-11-30,0.00526135069092389,0.0,0.0,0.00526135069092389,0.9298640861758961,0.8856029052268201
2023-12-01,0.0016072177038801842,1.6346991075414485,0.0013077592860331589,0.00029945841784702527,0.9313585801974004,0.88586810647166
2023-12-04,0.004267442611289677,0.0,0.0,0.004267442611289677,0.935333099488925,0.8896484977771997
2023-12-05,-0.007059432049167822,0.0,0.0,-0.007059432049167822,0.9287301790297454,0.8833680846594973
2023-12-06,-0.005599195277762661,0.0,0.0,-0.005599195277762661,0.9235300373970065,0.8784219342513456
2023-12-07,-0.013796056304173188,0.0,0.0,-0.013796056304173188,0.9107889650024822,0.8663031757875933
2023-12-08,-0.0002832858682456044,0.9451219099051165,0.0007560975279240932,-0.0010393833961696976,0.9105309513597429,0.8654027546506305
2023-12-11,-0.0012541957806911771,0.0,0.0,-0.0012541957806911771,0.9093889672823589,0.8643173701671492
2023-12-12,-0.012444347543129126,0.0,0.0,-0.012444347543129126,0.8980722149216098,0.8535615044252257
2023-12-13,0.004819457689243374,0.0,0.0,0.004819457689243374,0.9024004359633095,0.85767520798097
2023-12-14,0.01637493205164567,0.0,0.0,0.01637493205164567,0.9171771817855843,0.8717195812340395
2023-12-15,-0.005107163681371945,1.33004392213883,0.0010640351377110642,-0.006171198819083009,0.9124930077933858,0.8663400263837564
2023-12-18,0.003809608878899526,0.0,0.0,0.003809608878899526,0.9159692492578092,0.869640443040414
2023-12-19,0.0016980633706251652,0.0,0.0,0.0016980633706251652,0.917524623088593,0.8711171476223551
2023-12-20,0.0007465774918704946,0.0,0.0,0.0007465774918704946,0.9182096263204278,0.8717675040775524
2023-12-21,-0.008801950195325377,0.0,0.0,-0.008801950195325377,0.9101275909206871,0.8640942499247587
2023-12-22,0.0078062025111387155,1.3068144424641936,0.0010454515539713549,0.00676075095716736,0.9172322312063887,0.8699361759520204
2023-12-26,-0.00496939841656642,0.0,0.0,-0.00496939841656642,0.912674138809008,0.8656131164967307
2023-12-27,-0.003243248243082116,0.0,0.0,-0.003243248243082116,0.9097141100118092,0.8628057182774639
2023-12-28,-0.0009605084777221994,0.0,0.0,-0.0009605084777221994,0.9088403218968394,0.8619769860704312
2023-12-29,0.003950088524604675,0.0,0.0,0.003950088524604675,0.9124303216230621,0.8653818714715813
2024-01-02,0.015252336340806576,1.1896472737338137,0.0009517178189870511,0.014300618521819524,0.9263470157760074,0.8777573674911946
2024-01-03,0.017495970038460328,0.0,0.0,0.017495970038460328,0.9425543554092415,0.8931145840938582
2024-01-04,-0.008244662147691583,0.0,0.0,-0.008244662147691583,0.9347833131930571,0.8857511560888283
2024-01-05,-0.004155481940449178,0.0,0.0,-0.004155481940449178,0.9308988380168501,0.8820704331559692
2024-01-08,-0.0075024484349044416,0.0,0.0,-0.0075024484349044416,0.9239148174865163,0.8754527452152627
2024-01-09,-0.0037982572642503076,1.3562879278208235,0.0010850303422566588,-0.004883287606506966,0.9204055513194496,0.8711776576744705
2024-01-10,-0.0005818850664955805,0.0,0.0,-0.0005818850664955805,0.9198699810740172,0.8706707324052051
2024-01-11,0.00032578783694193033,0.0,0.0,0.00032578783694193033,0.9201696635254192,0.8709543863398042
2024-01-12,-0.002539401346615511,0.0,0.0,-0.002539401346615511,0.9178329834427479,0.8687426835982921
2024-01-16,0.0017992146284138333,0.0,0.0,0.0017992146284138333,0.9194843619729988,0.8703057381429496
2024-01-17,-0.0028249770273074694,1.2214535043666295,0.0009771628034933035,-0.003802139830800773,0.9168868397734566,0.8669967140309819
2024-01-18,5.684699564040727e-05,0.0,0.0,5.684699564040727e-05,0.91693896203564,0.8670460001894046
2024-01-19,-0.011177624186902935,0.0,0.0,-0.011177624186902935,0.9066897629156767,0.8573544858465301
2024-01-22,0.004609657269108221,0.0,0.0,0.004609657269108221,0.9108692919721268,0.861306596184415
2024-01-23,0.007961419124824997,0.0,0.0,0.007961419124824997,0.9181211041734495,0.8681638189916154
2024-01-24,-0.008374210159106651,1.3568221821531685,0.001085457745722535,-0.009459667904829187,0.91043256509559,0.8599512775769664
2024-01-25,0.007472597294431115,0.0,0.0,0.007472597294431115,0.9172358610182854,0.8663773471671307
2024-01-26,0.009932454403176564,0.0,0.0,0.009932454403176564,0.9263462643848078,0.8749826006638132
2024-01-29,-0.007114415959942787,0.0,0.0,-0.007114415959942787,0.9197558517370352,0.8687576104849783
2024-01-30,-0.0024267080603986163,0.0,0.0,-0.0024267080603986163,0.9175238727980262,0.8666493893890819
2024-01-31,0.004554877009375579,1.4573413225248704,0.0011658730580198964,0.0033890039513556824,0.9217030811917871,0.8695864675941616
2024-02-01,0.005222120883270567,0.0,0.0,0.005222120883270567,0.9265163261002536,0.8741275532463946
2024-02-02,-0.029668999739977775,0.0,0.0,-0.029668999739977775,0.8990275134621001,0.84819306309642
2024-02-05,-0.02506742447381191,0.0,0.0,-0.02506742447381191,0.87649120916851,0.8269310475480393
2024-02-06,0.01545233739810902,0.0,0.0,0.01545233739810902,0.8900350470590583,0.8397090650997233
2024-02-07,-0.00927512422030827,1.2259200669975656,0.0009807360535980525,-0.010255860273906323,0.8817798614371576,0.831097126257328
2024-02-08,-0.0034943857165717985,0.0,0.0,-0.0034943857165717985,0.878698582484191,0.8281929523302506
2024-02-09,-0.011058638773389612,0.0,0.0,-0.011058638773389612,0.8689813722698088,0.8190342656357632
2024-02-12,0.011530117466236792,0.0,0.0,0.011530117466236792,0.8790008295680513,0.8284778269274166
2024-02-13,-0.005305081445318394,0.0,0.0,-0.005305081445318394,0.8743376585766903,0.8240826845799263
2024-02-14,-0.008473090328527841,1.1226818810565489,0.0008981455048452391,-0.009371235833373081,0.8669293166179365,0.8163600113965286
2024-02-15,0.00913779602512215,0.0,0.0,0.00913779602512215,0.8748511398813897,0.8238197426637365
2024-02-16,0.0038196119425682475,0.0,0.0,0.0038196119425682475,0.8781927317432501,0.8269664143913383
2024-02-20,0.01593591406811126,0.0,0.0,0.01593591406811126,0.8921875356515504,0.8401448801082928
2024-02-21,0.009687423862225694,0.0,0.0,0.009687423862225694,0.9008305344740016,0.8482837196675806
2024-02-22,-0.03407173366503139,0.9146123187736255,0.0007316898550189004,-0.034803423520050294,0.8701376764260756,0.8187605421068263
2024-02-23,0.004116013297531374,0.0,0.0,0.004116013297531374,0.8737191746729284,0.8221305713856318
2024-02-26,-0.017764298404673508,0.0,0.0,-0.017764298404673508,0.8581981665321534,0.8075259985879327
2024-02-27,0.006424423377530072,0.0,0.0,0.006424423377530072,0.8637115948957761,0.8127138874912244
2024-02-28,0.009251551453854985,0.0,0.0,0.009251551453854985,0.8717022671572454,0.820232751838612
2024-02-29,-0.005884852568026711,1.382806971497771,0.001106245577198217,-0.006991098145224928,0.8665724278318103,0.8144984241685803
2024-03-01,-0.018971945788765546,0.0,0.0,-0.018971945788765546,0.8501318627089463,0.799045804220219
2024-03-04,0.0019583852890062148,0.0,0.0,0.0019583852890062148,0.8517967484425909,0.8006106437684459
2024-03-05,0.009242835407631706,0.0,0.0,0.009242835407631706,0.8596697655892016,0.8080105561743958
2024-03-06,-0.0046718848020705405,0.0,0.0,-0.0046718848020705405,0.8556534874765458,0.804235623937092
2024-03-07,-0.015088606838306389,1.4750710265921616,0.0011800568212737294,-0.01626866365958012,0.8427428684141864,0.7911517850682069
2024-03-08,0.026834534752123256,0.0,0.0,0.026834534752123256,0.865357481203751,0.8123819751388242
2024-03-11,0.022703988991716648,0.0,0.0,0.022703988991716648,0.8850045479309007,0.830826286559445
2024-03-12,-0.019846009228067524,0.0,0.0,-0.019846009228067524,0.8674407395057823,0.8143377004094652
2024-03-13,0.016407367313068945,0.0,0.0,0.016407367313068945,0.8816731583411738,0.8276988381769631
2024-03-14,0.00031476289075209264,1.1736578982478063,0.0009389263185982451,-0.0006241634278461524,0.8819506763331917,0.8271822188329023
2024-03-15,-0.002862156649718277,0.0,0.0,-0.002862156649718277,0.8794263953402012,0.824814693744741
2024-03-18,-0.006782211226270352,0.0,0.0,-0.006782211226270352,0.8734619397690464,0.8192206262692328
2024-03-19,0.0034750034365408832,0.0,0.0,0.0034750034365408832,0.8764972230114315,0.8220674207608035
2024-03-20,-0.0024783927343669052,0.0,0.0,-0.0024783927343669052,0.8743249186622272,0.8200300148380302
2024-03-21,-0.013282927382467058,0.8523264485241561,0.0006818611588193248,-0.013964788541286383,0.8627113242589554,0.8085784690833092
2024-03-22,-0.0062480610632600665,0.0,0.0,-0.0062480610632600665,0.8573210512250194,0.8035264214340394
2024-03-25,0.0032826411021358846,0.0,0.0,0.0032826411021358846,0.860135328545497,0.8061641102916909
2024-03-26,-0.0029164341974824144,0.0,0.0,-0.0029164341974824144,0.8576268004588641,0.8038129857116532
2024-03-27,0.012640055659118974,0.0,0.0,0.012640055659118974,0.8684672509514163,0.8139732265905711
2024-03-28,0.0011442757806892014,1.0121693168343724,0.0008097354534674979,0.00033454032722170343,0.8694610169930017,0.8142455334601445
2024-04-01,-0.00669378713839659,0.0,0.0,-0.00669378713839659,0.8636410300201167,0.8087951471807721
2024-04-02,-0.010156923219049797,0.0,0.0,-0.010156923219049797,0.8548690943893813,0.8005802769709168
2024-04-03,-0.01469294535972988,0.0,0.0,-0.01469294535972988,0.8423085494957964,0.7888173947053058
2024-04-04,0.0017056832908167556,0.0,0.0,0.0017056832908167556,0.8437452611143834,0.7901628673549601
2024-04-05,-0.014861224247861229,1.0926684823824235,0.0008741347859059389,-0.015735359033767167,0.8312061735808923,0.7777293709419788
2024-04-08,-0.0031092085322398707,0.0,0.0,-0.0031092085322398707,0.8286217802539442,0.7753112481460724
2024-04-09,0.012219403449192583,0.0,0.0,0.012219403449192583,0.8387470440936552,0.7847850890858663
2024-04-10,-0.014068527797858374,0.0,0.0,-0.014068527797858374,0.8269471079884521,0.773744318244717
2024-04-11,-0.008887065934929463,0.0,0.0,-0.008887065934929463,0.8195979745150594,0.7668680014716991
2024-04-12,0.009585277182374233,1.334207252387085,0.001067365801909668,0.008517911380464566,0.8274540482788989,0.773400115148749
2024-04-15,0.00393290945670936,0.0,0.0,0.00393290945670936,0.8307083501303674,0.7764418277754376
2024-04-16,-0.0023519452816309454,0.0,0.0,-0.0023519452816309454,0.8287545695458668,0.7746156790821402
2024-04-17,0.007112804406154505,0.0,0.0,0.007112804406154505,0.8346493386997533,0.7801253688973921
2024-04-18,0.013172221448640041,0.0,0.0,0.013172221448640041,0.8456435246210675,0.7904013530142107
2024-04-19,0.006346574570258515,0.7984238331919393,0.0006387390665535514,0.005707835503704963,0.8510104643099313,0.7949128339191217
2024-04-22,-0.0009215447769933386,0.0,0.0,-0.0009215447769933386,0.8502262200613798,0.7941802861488586
2024-04-23,-0.007407748732052602,0.0,0.0,-0.007407748732052602,0.8439279578577622,0.7882971981411182
2024-04-24,-0.0028010263427497026,0.0,0.0,-0.0028010263427497026,0.8415640934164197,0.7860891569232091
2024-04-25,0.0034289577412430594,0.0,0.0,0.0034289577412430594,0.844449781129292,0.7887846234231481
2024-04-26,-0.00889083056920064,1.490563104449787,0.0011924504835598296,-0.010083281052760469,0.836941921201073,0.7808310863750767
2024-04-29,-0.0005356897091850432,0.0,0.0,-0.0005356897091850432,0.8364935800267,0.7804128031974938
2024-04-30,0.010007480514799433,0.0,0.0,0.010007480514799433,0.844864773229572,0.7882227691189927
2024-05-01,0.001510471187878871,0.0,0.0,0.001510471187878871,0.8461409171271891,0.789413356901377
2024-05-02,-0.004506769974213841,0.0,0.0,-0.004506769974213841,0.8423275546479265,0.7858556524872505
2024-05-03,0.000732600669149646,0.9706335335250846,0.0007765068268200678,-4.390615767042177e-05,0.8429446443781048,0.7858211485850662
2024-05-06,-0.009154868651967879,0.0,0.0,-0.009154868651967879,0.8352275968779435,0.7786270591858314
2024-05-07,0.00335510870069236,0.0,0.0,0.00335510870069236,0.8380298762552871,0.7812394376067003
2024-05-08,-0.0036045325931894257,0.0,0.0,-0.0036045325931894257,0.8350091702522585,0.778423434590762
2024-05-09,0.00623769551152981,0.0,0.0,0.00623769551152981,0.8402177032056272,0.7832790029547784
2024-05-10,-0.0031692902758463943,1.4700845627462005,0.0011760676501969603,-0.004345357926043354,0.8375548094092635,0.7798753753309855
2024-05-13,0.009232356495354128,0.0,0.0,0.009232356495354128,0.8452874139941281,0.7870754628179892
2024-05-14,-0.006884821284923593,0.0,0.0,-0.006884821284923593,0.8394677612143833,0.7816565889187388
2024-05-15,-0.007835431915061291,0.0,0.0,-0.007835431915061291,0.832890168726499,0.775531971935307
2024-05-16,0.007413604272324499,0.0,0.0,0.007413604272324499,0.8390648868397469,0.7812814590757708
2024-05-17,0.0036221723774736265,1.365845861864707,0.0010926766894917657,0.002529495687981861,0.8421041244957659,0.7832577071576031
2024-05-20,-0.009215457692108717,0.0,0.0,-0.009215457692108717,0.8343437495641248,0.7760396288952741
2024-05-21,-0.010248515103932397,0.0,0.0,-0.010248515103932397,0.8257929650448452,0.7680863750372908
2024-05-22,-0.00021411186912363679,0.0,0.0,-0.00021411186912363679,0.8256161529695903,0.7679219186278832
2024-05-23,-0.007189415796486568,0.0,0.0,-0.007189415796486568,0.8196804551575962,0.7624010086556315
2024-05-24,-0.01657151346857748,1.148034186066078,0.0009184273488528625,-0.01748994081743034,0.8060971094550224,0.7490666601350953
2024-05-28,-0.010717444614948519,0.0,0.0,-0.010717444614948519,0.7974578083301681,0.7410385796921929
2024-05-29,-0.002701722493716097,0.0,0.0,-0.002701722493716097,0.7953032986316129,0.7390364990927271
2024-05-30,-0.0008982342634617614,0.0,0.0,-0.0008982342634617614,0.7945889299589377,0.7383726711872931
2024-05-31,0.01999126696460864,0.0,0.0,0.01999126696460864,0.8104737693848696,0.7531336763763695
2024-06-03,-0.012896653755426642,1.2997689285055034,0.0010398151428044028,-0.013936468898231046,0.8000213698032574,0.7426376523193399
2024-06-04,0.0015578583769026582,0.0,0.0,0.0015578583769026582,0.8012676897959066,0.7437945766070089
2024-06-05,-0.020868087249308623,0.0,0.0,-0.020868087249308623,0.7845467657351936,0.7282730064868113
2024-06-06,0.006064013344322686,0.0,0.0,0.006064013344322686,0.7893042677918569,0.7326892637164573
2024-06-07,0.0038073981668648536,0.0,0.0,0.0038073981668648536,0.7923094634141463,0.735478903476013
2024-06-10,-0.006421929305042879,0.803034142691953,0.0006424273141535624,-0.0070643566191964415,0.7872213080523842,0.7302832182159629
2024-06-11,0.0005301643675643396,0.0,0.0,0.0005301643675643396,0.787638664739301,0.7306703883564912
2024-06-12,-0.010863394659440948,0.0,0.0,-0.010863394659440948,0.7790822350752029,0.7227328275618077
2024-06-13,-0.012055687350462268,0.0,0.0,-0.012055687350462268,0.7696898632288369,0.714019786554807
2024-06-14,-0.0030828464585504122,0.0,0.0,-0.0030828464585504122,0.7673170275597998,0.7118185731844916
2024-06-17,-0.011751579605860355,0.9117767329072237,0.000729421386325779,-0.012481000992186134,0.7582998404274987,0.7029343648663194
2024-06-18,-0.0071036704866002335,0.0,0.0,-0.0071036704866002335,0.7529131282310602,0.6979409507646015
2024-06-20,0.025907383740581852,0.0,0.0,0.025907383740581852,0.7724191375674642,0.7160227748043266
2024-06-21,0.010605770403719064,0.0,0.0,0.010605770403719064,0.7806112375959433,0.7236167479577351
2024-06-24,0.021010561134964658,0.0,0.0,0.021010561134964658,0.7970123177260933,0.7388203418789855
2024-06-25,-0.015858723848012242,1.1304488978668772,0.0009043591182935018,-0.016763082966305742,0.784372719475811,0.7264354351908737
2024-06-26,-0.003171008140132619,0.0,0.0,-0.003171008140132619,0.7818854671974552,0.7241319025126027
2024-06-27,0.003928030970046264,0.0,0.0,0.003928030970046264,0.7849567375276358,0.7269763150520707
2024-06-28,0.0023061214247003512,0.0,0.0,0.0023061214247003512,0.7867669430775113,0.7286528107074621
2024-07-01,-0.015102945640172517,0.0,0.0,-0.015102945640172517,0.7748844447047268,0.7176480069167884
2024-07-02,-0.013155916263198546,1.2055701539855177,0.0009644561231884143,-0.014120372386386961,0.7646901298365363,0.707514549816775
2024-07-03,-0.004435826082932061,0.0,0.0,-0.004435826082932061,0.7612980974132467,0.7043761383226438
2024-07-05,-0.013635131154128316,0.0,0.0,-0.013635131154128316,0.7509176980076288,0.6947718772947761
2024-07-08,-0.006505163925387242,0.0,0.0,-0.006505163925387242,0.7460328552876146,0.6902522723422245
2024-07-09,-0.011681789370747504,0.0,0.0,-0.011681789370747504,0.7373178566084874,0.6821888906840429
2024-07-10,-0.004237653672669537,0.833269111895705,0.000666615289516564,-0.0049042689621861014,0.7341933588855056,0.6788432528811129
2024-07-11,0.03917466293285119,0.0,0.0,0.03917466293285119,0.7629551362473831,0.7054367084969707
2024-07-12,0.005838229063328999,0.0,0.0,0.005838229063328999,0.7674094430978387,0.7095552095908568
2024-07-15,-0.004129980161491691,0.0,0.0,-0.004129980161491691,0.7642400573221032,0.7066247606517635
2024-07-16,0.01545513417921948,0.0,0.0,0.01545513417921948,0.7760514899531508,0.7175457411419953
2024-07-17,0.0367122304769382,1.2735746265830417,0.0010188597012664334,0.03569337077567177,0.8045420711142822,0.7431573673290807
2024-07-18,0.006930726796594652,0.0,0.0,0.006930726796594652,0.8101181324055416,0.748307988008915
2024-07-19,0.005088373491747456,0.0,0.0,0.005088373491747456,0.814240316035658,0.7521156585387624
2024-07-22,-0.015728102884410622,0.0,0.0,-0.015728102884410622,0.8014338605724142,0.7402863060802884
2024-07-23,-0.009644763396170982,0.0,0.0,-0.009644763396170982,0.7937042206095134,0.7331464198127187
2024-07-24,0.024730832342225513,1.3273407064413572,0.0010618725651530857,0.023668959777072427,0.813333186618724,0.7504992329339706
2024-07-25,0.018160080775292776,0.0,0.0,0.018160080775292776,0.8281033829849463,0.7641283596258468
2024-07-26,0.0011625197862242726,0.0,0.0,0.0011625197862242726,0.8290660695527056,0.7650166739631269
2024-07-29,0.0028735899456380143,0.0,0.0,0.0028735899456380143,0.8314484654744418,0.7672150181856727
2024-07-30,0.011796867300386541,0.0,0.0,0.011796867300386541,0.8412569526887539,0.7762657519460727
2024-07-31,0.005541323217467515,1.6620787809379773,0.0013296630247503819,0.004211660192717133,0.845918629372544,0.7795351195125136
2024-08-01,-0.004036729247182371,0.0,0.0,-0.004036729247182371,0.8425038849006194,0.7763883472963717
2024-08-02,-0.014441396047167487,0.0,0.0,-0.014441396047167487,0.8303369526274924,0.7651762156866591
2024-08-05,0.007255908354352685,0.0,0.0,0.007255908354352685,0.83636180145899,0.7707282641826119
2024-08-06,-0.003787810840782755,0.0,0.0,-0.003787810840782755,0.833193821160607,0.7678088913082434
2024-08-07,0.004697156048690058,1.630454601928981,0.0013043636815431847,0.003392792367146873,0.8371074625574029,0.7704139074541014
2024-08-08,0.010020801187232276,0.0,0.0,0.010020801187232276,0.845495950012039,0.7781340720525778
2024-08-09,0.0013385647194153008,0.0,0.0,0.0013385647194153008,0.8466277010611336,0.7791756548684023
2024-08-12,0.008788302826035254,0.0,0.0,0.008788302826035254,0.8540681216789688,0.7860232864780601
2024-08-13,-0.004308955478920438,0.0,0.0,-0.004308955478920438,0.850387980166689,0.7826363471312314
2024-08-14,0.0004774368657719902,1.733027874749152,0.0013864222997993217,-0.0009089854340273314,0.85079398673863,0.7819249420915488
2024-08-15,0.020393865852812148,0.0,0.0,0.020393865852812148,0.868144965172557,0.7978714144675318
2024-08-16,0.0025899654373245902,0.0,0.0,0.0025899654373245902,0.8703934306269412,0.7999378738544319
2024-08-19,0.0026132606182990717,0.0,0.0,0.0026132606182990717,0.8726679955016249,0.8020283199972617
2024-08-20,-0.00890786436438209,0.0,0.0,-0.00890786436438209,0.8648943873625592,0.7948839605063328
2024-08-21,0.0030658847131845536,1.2994249236825972,0.001039539938946078,0.0020263447742384757,0.8675460538432932,0.7964946694658309
2024-08-22,-0.0020766918285824256,0.0,0.0,-0.0020766918285824256,0.865744428042358,0.7948405954942418
2024-08-23,0.0029254352910045183,0.0,0.0,0.0029254352910045183,0.8682771073451435,0.7971658502230237
2024-08-26,0.006916171230704751,0.0,0.0,0.006916171230704751,0.8742822604952435,0.8026791857424364
2024-08-27,-0.0080523238143846,0.0,0.0,-0.0080523238143846,0.8672422566285637,0.7962157530197717
2024-08-28,-0.0011788552341043773,1.1911900685062025,0.000952952054804962,-0.0021318072889093395,0.8662199035551007,0.7945183744739396
2024-08-29,0.0030975350189517592,0.0,0.0,0.0030975350189517592,0.8689030500404756,0.7969794229620732
2024-08-30,0.002491259061075517,0.0,0.0,0.002491259061075517,0.8710677126370852,0.7989649051710183
2024-09-03,-0.0045356214927195744,0.0,0.0,-0.0045356214927195744,0.8671168791980343,0.7953411027751959
2024-09-04,-0.010406864494708628,0.0,0.0,-0.010406864494708628,0.8580929113351456,0.7870640956915422
2024-09-05,0.004204123928769163,1.2880824084480045,0.0010304659267584037,0.003173658002010759,0.8617004402767969,0.789561967956929
2024-09-06,0.0005192949540595122,0.0,0.0,0.0005192949540595122,0.8621479169673436,0.7899719835028064
2024-09-09,-0.0067032707235821,0.0,0.0,-0.0067032707235821,0.8563687060761391,0.7846765874333419
2024-09-10,-0.001561144488856646,0.0,0.0,-0.001561144488856646,0.8550317907902191,0.7834515939033354
2024-09-11,-0.0008362688917005213,0.0,0.0,-0.0008362688917005213,0.8543167543021662,0.7827964177072009
2024-09-12,-0.009985241269081924,1.0638129962375824,0.0008510503969900659,-0.01083629166607199,0.8457861953902401,0.7743138074097693
2024-09-13,0.003951918420185281,0.0,0.0,0.003951918420185281,0.8491286734353413,0.7773738324082757
2024-09-16,0.004672631079446025,0.0,0.0,0.004672631079446025,0.853096338465284,0.7810062135379348
2024-09-17,0.01745453339396039,0.0,0.0,0.01745453339396039,0.8679867369932917,0.7946383125730232
2024-09-18,0.00645504767533185,0.0,0.0,0.00645504767533185,0.873589632762139,0.7997677407653273
2024-09-19,0.0015921668372941645,1.267647527135423,0.0010141180217083385,0.0005780488155858259,0.8749805332048269,0.8002300455606204
2024-09-20,-0.011908747900165382,0.0,0.0,-0.011908747900165382,0.8645606106173384,0.790700307685901
2024-09-23,-0.0017627263207340817,0.0,0.0,-0.0017627263207340817,0.8630366268731333,0.7893065194417306
2024-09-24,7.412944843460768e-05,0.0,0.0,7.412944843460768e-05,0.8631006033022622,0.7893650302986626
2024-09-25,-0.01018789085696305,0.0,0.0,-0.01018789085696305,0.8543074285572398,0.7813230655236765
2024-09-26,-0.004154060135930747,1.1863310054621985,0.0009490648043697588,-0.0051031249403005055,0.8507585841244407,0.7773358763015705
2024-09-27,0.013039570777728543,0.0,0.0,0.013039570777728543,0.8618521108968914,0.7874720024786724
2024-09-30,-0.0010921858449882004,0.0,0.0,-0.0010921858449882004,0.8609108082208966,0.7866119367042408
2024-10-01,0.008879160848554852,0.0,0.0,0.008879160848554852,0.8685549737633492,0.7935963906156309
2024-10-02,-0.003251314082524158,0.0,0.0,-0.003251314082524158,0.8657310287457061,0.791016159494982
2024-10-03,0.00420995136757585,1.2448425857614094,0.0009958740686091276,0.003214077298966722,0.869375714274127,0.7935585465763306
2024-10-04,-0.006614926883516883,0.0,0.0,-0.006614926883516883,0.8636248574898984,0.7883092148129384
2024-10-07,0.002153211255348214,0.0,0.0,0.002153211255348214,0.8654844242534441,0.7900066110869682
2024-10-08,-0.012528571537941024,0.0,0.0,-0.012528571537941024,0.854641140729211,0.7801089567445187
2024-10-09,0.0022526329749069252,0.0,0.0,0.0022526329749069252,0.8565663335445297,0.7818662559045017
2024-10-10,0.0011143673705646703,1.5959214043337824,0.001276737123467026,-0.00016236975290235558,0.857520863117356,0.7817393044737277
2024-10-11,0.004101294603401968,0.0,0.0,0.004101294603401968,0.8610378088055638,0.7849454476644331
2024-10-14,-0.0018290246663958632,0.0,0.0,-0.0018290246663958632,0.8594629494145589,0.7835097630788797
2024-10-15,0.019000871794732803,0.0,0.0,0.019000871794732803,0.8757934947287078,0.7983971316370628
2024-10-16,0.0020725327196405895,0.0,0.0,0.0020725327196405895,0.8776086054021816,0.8000518358156479
2024-10-17,-0.0075435789836401064,1.2487751837543266,0.0009990201470034613,-0.008542599130643567,0.870988295570608,0.7932173136985393
2024-10-18,-0.0021071557788847894,0.0,0.0,-0.0021071557788847894,0.8691529875502554,0.791545881252068
2024-10-21,-0.008419587962959926,0.0,0.0,-0.008419587962959926,0.8618350775183066,0.7848813910781476
2024-10-22,0.008620022663522704,0.0,0.0,0.008620022663522704,0.8692641154187332,0.7916470864574184
2024-10-23,-0.0023832232721066387,0.0,0.0,-0.0023832232721066387,0.8671924649492601,0.7897604146976778
2024-10-24,0.0028030624547646325,1.4044902237554864,0.001123592179004389,0.0016794702757602434,0.869623259588814,0.7910867938391347
2024-10-25,0.0005913922701654471,0.0,0.0,0.0005913922701654471,0.870137548062491,0.7915546364540411
2024-10-28,-0.0022520840076484506,0.0,0.0,-0.0022520840076484506,0.8681779252060451,0.789771988916103
2024-10-29,-0.0020866926120420098,0.0,0.0,-0.0020866926120420098,0.8663663047435797,0.7881239775416341
2024-10-30,0.00990012044621347,0.0,0.0,0.00990012044621347,0.874943435511082,0.7959264998458451
2024-10-31,0.0030819933992254404,1.5478150155664319,0.0012382520124531455,0.0018437413867722948,0.8776400054040228,0.7973939824744396
2024-11-01,0.008507921250116792,0.0,0.0,0.008507921250116792,0.8851068974559524,0.8041781476826493
2024-11-04,0.0024230482970275364,0.0,0.0,0.0024230482970275364,0.8872515542165204,0.8061267101738985
2024-11-05,-0.004683356358301272,0.0,0.0,-0.004683356358301272,0.8830962390086677,0.802351331520209
2024-11-06,-0.0328097290157927,0.0,0.0,-0.0328097290157927,0.8541220907119277,0.7760264017575704
2024-11-07,0.003917848431189223,1.533183748802753,0.0012265469990422025,0.0026913014321470205,0.8574684116050675,0.7781149227240045
2024-11-08,0.0021576960553913644,0.0,0.0,0.0021576960553913644,0.8593185678144104,0.7797938582234072
2024-11-11,-0.014864380805144283,0.0,0.0,-0.014864380805144283,0.8465453293894858,0.7682027053652618
2024-11-12,-0.002150949088404929,0.0,0.0,-0.002150949088404929,0.844724453484942,0.7665503404564462
2024-11-13,0.010834124198623377,0.0,0.0,0.010834124198623377,0.8538763031276121,0.7748552420494484
2024-11-14,0.001740327646806578,1.361284267590171,0.0010890274140721368,0.0006513002327344412,0.8553623276648982,0.7753599054489307
2024-11-15,-0.006341881752559446,0.0,0.0,-0.006341881752559446,0.8499377209272534,0.7704426646128979
2024-11-18,0.004467130949427749,0.0,0.0,0.004467130949427749,0.8537345040254936,0.7738843328847498
2024-11-19,0.0006573176052844842,0.0,0.0,0.0006573176052844842,0.8542956787452283,0.7743930206812087
2024-11-20,-0.0005647942770503367,0.0,0.0,-0.0005647942770503367,0.8538131774349641,0.7739556479349402
2024-11-21,-0.00038325101556075595,1.130352177826553,0.0009042817422612425,-0.0012875327578219984,0.853485952667613,0.7729591546851227
2024-11-22,0.0018807208080820733,0.0,0.0,0.0018807208080820733,0.8550911214582007,0.7744128750511364
2024-11-25,0.0063323419646240005,0.0,0.0,0.0063323419646240005,0.8605058508501878,0.7793167221977678
2024-11-26,-0.013057420146718441,0.0,0.0,-0.013057420146718441,0.8492698644169275,0.7691408563286681
2024-11-27,0.006368504474541876,0.0,0.0,0.006368504474541876,0.8546784433485602,0.7740391333137502
2024-11-29,-0.0031711627698361154,1.1661503198037466,0.0009329202558429973,-0.004104083025679113,0.8519681188888318,0.7708624124455059
2024-12-02,9.275432951447502e-05,0.0,0.0,9.275432951447502e-05,0.852047142620467,0.7709339132717201
2024-12-03,-0.0038978001356050106,0.0,0.0,-0.0038978001356050106,0.848726033152419,0.7679289669600271
2024-12-04,-0.012854413834596587,0.0,0.0,-0.012854413834596587,0.8378161574900822,0.7580576902231486
2024-12-05,-0.0031512859176386224,0.0,0.0,-0.0031512859176386224,0.8351759592314136,0.7556688336991908
2024-12-06,-0.0034709257564161425,1.1349089067655955,0.0009079271254124765,-0.004378852881828619,0.8322771254833777,0.752359871049039
2024-12-09,0.010987135925795923,0.0,0.0,0.010987135925795923,0.8414214673889944,0.7606261512173692
2024-12-10,-0.006493564404859921,0.0,0.0,-0.006493564404859921,0.8359576428988722,0.7556869763164185
2024-12-11,-0.006112032154965668,0.0,0.0,-0.006112032154965668,0.8308482429052849,0.7510681932180837
2024-12-12,0.0029184295650229826,0.0,0.0,0.0029184295650229826,0.8332730149814271,0.7532601328385199
2024-12-13,-0.0012368247319206787,1.7591752517147574,0.001407340201371806,-0.0026441649332924846,0.832242402308056,0.7512683888096211
2024-12-16,-0.010677959101413457,0.0,0.0,-0.010677959101413457,0.8233557519737486,0.7432463756797272
2024-12-17,0.0049715348655268755,0.0,0.0,0.0049715348655268755,0.8274490938014181,0.7469414509500953
2024-12-18,9.006825638743603e-05,0.0,0.0,9.006825638743603e-05,0.827523620698546,0.7470087266642058
2024-12-19,-0.013539134574553616,0.0,0.0,-0.013539134574553616,0.8163196670342866,0.7368948749855332
2024-12-20,0.003750961718954538,1.3906396606359224,0.001112511728508738,0.0026384499904458,0.819381650855762,0.7388391352613982
